user_id,joined_at,device,country,subscription_status,ab_variant
u_0001,2023-08-11T01:00:34Z,Mobile,SG,Free,A
u_0002,2023-02-01T17:23:19Z,Desktop,AU,Free,B
u_0003,2023-07-04T18:03:55Z,Mobile,IN,Free,B
u_0004,2023-03-08T00:21:03Z,Desktop,US,Free,B
u_0005,2023-06-01T08:57:15Z,Mobile,US,Premium,A
u_0006,2023-11-06T07:33:09Z,Mobile,CA,Free,A
u_0007,2023-08-13T20:19:58Z,Mobile,AU,Free,A
u_0008,2023-06-12T06:52:45Z,Desktop,IN,Free,B
u_0009,2023-10-20T18:58:17Z,Mobile,US,Free,B
u_0010,2023-12-13T10:46:40Z,Desktop,DE,Premium,B
u_0011,2023-04-05T14:25:44Z,Mobile,BR,Free,A
u_0012,2023-01-16T04:39:57Z,Desktop,FR,Free,A
u_0013,2023-05-07T09:28:53Z,Mobile,IN,Free,B
u_0014,2023-01-27T21:49:51Z,Desktop,BR,Free,A
u_0015,2023-12-11T15:11:41Z,Mobile,JP,Free,B
u_0016,2023-08-23T21:08:33Z,Mobile,UK,Premium,B
u_0017,2023-12-22T02:09:22Z,Mobile,AU,Free,A
u_0018,2023-06-23T12:11:06Z,Tablet,FR,Free,B
u_0019,2023-05-06T09:31:47Z,Desktop,US,Free,B
u_0020,2023-11-02T16:31:05Z,Mobile,US,Free,B
u_0021,2023-06-10T23:23:25Z,Tablet,US,Free,A
u_0022,2023-10-02T15:16:59Z,Mobile,IN,Free,B
u_0023,2023-05-01T18:40:29Z,Mobile,FR,Free,A
u_0024,2023-11-15T10:23:29Z,Mobile,AU,Free,B
u_0025,2023-10-07T19:45:39Z,Mobile,AU,Premium,B
u_0026,2023-11-28T02:35:46Z,Desktop,US,Free,A
u_0027,2023-03-11T04:22:06Z,Tablet,CA,Free,B
u_0028,2023-03-01T03:47:12Z,Mobile,CA,Free,B
u_0029,2023-10-11T18:02:39Z,Desktop,US,Free,A
u_0030,2023-06-15T09:57:43Z,Mobile,DE,Free,A
u_0031,2023-12-01T22:03:23Z,Desktop,US,Free,B
u_0032,2023-07-29T03:26:39Z,Mobile,IN,Premium,A
u_0033,2023-06-26T10:35:52Z,Desktop,US,Free,B
u_0034,2023-01-19T07:52:35Z,Mobile,JP,Free,B
u_0035,2023-05-04T06:24:06Z,Mobile,US,Free,B
u_0036,2023-01-10T07:12:46Z,Mobile,US,Free,B
u_0037,2023-11-29T15:24:44Z,Desktop,IN,Premium,A
u_0038,2023-10-23T06:13:04Z,Mobile,CA,Free,A
u_0039,2023-08-10T01:04:15Z,Mobile,IN,Free,B
u_0040,2023-11-23T16:11:33Z,Mobile,CA,Premium,B
u_0041,2023-02-17T10:15:00Z,Mobile,UK,Premium,A
u_0042,2023-05-23T15:03:09Z,Tablet,DE,Free,B
u_0043,2023-03-24T01:37:29Z,Desktop,UK,Free,A
u_0044,2023-09-07T13:44:37Z,Mobile,DE,Premium,B
u_0045,2023-06-16T19:37:36Z,Tablet,DE,Free,B
u_0046,2023-01-14T17:09:32Z,Mobile,US,Free,B
u_0047,2023-10-27T12:45:07Z,Tablet,UK,Free,A
u_0048,2023-12-16T04:10:08Z,Desktop,DE,Free,B
u_0049,2023-03-04T22:40:15Z,Mobile,CA,Free,A
u_0050,2023-05-26T07:45:52Z,Mobile,US,Free,A
u_0051,2023-04-22T03:00:38Z,Mobile,UK,Free,A
u_0052,2023-11-02T22:14:00Z,Mobile,IN,Premium,B
u_0053,2023-09-06T15:53:35Z,Mobile,SG,Premium,A
u_0054,2023-04-12T17:25:54Z,Mobile,BR,Free,B
u_0055,2023-09-03T16:40:37Z,Mobile,AU,Free,B
u_0056,2023-01-21T14:06:11Z,Mobile,FR,Free,B
u_0057,2023-09-10T03:33:23Z,Desktop,US,Free,A
u_0058,2023-12-24T15:47:41Z,Mobile,US,Free,A
u_0059,2023-03-16T13:18:43Z,Mobile,CA,Premium,A
u_0060,2023-09-22T19:00:07Z,Mobile,IN,Premium,B
u_0061,2023-12-03T01:24:25Z,Mobile,CA,Enterprise,A
u_0062,2023-01-16T16:22:50Z,Desktop,IN,Free,B
u_0063,2023-03-02T22:27:52Z,Desktop,US,Premium,A
u_0064,2023-07-06T11:12:52Z,Mobile,BR,Premium,A
u_0065,2023-05-10T12:22:27Z,Mobile,US,Free,A
u_0066,2023-11-30T17:45:06Z,Desktop,IN,Free,A
u_0067,2023-10-07T04:34:30Z,Desktop,IN,Free,B
u_0068,2023-06-16T04:39:04Z,Mobile,DE,Free,A
u_0069,2023-02-23T16:21:35Z,Mobile,FR,Premium,A
u_0070,2023-04-16T17:33:19Z,Mobile,IN,Free,A
u_0071,2023-06-01T09:36:28Z,Mobile,BR,Free,B
u_0072,2023-06-24T04:01:28Z,Mobile,DE,Free,A
u_0073,2023-01-15T00:04:20Z,Mobile,UK,Enterprise,B
u_0074,2023-03-23T22:14:15Z,Mobile,CA,Free,B
u_0075,2023-05-19T03:16:05Z,Mobile,US,Premium,B
u_0076,2023-12-07T23:41:35Z,Mobile,US,Free,B
u_0077,2023-09-29T01:53:14Z,Desktop,US,Enterprise,B
u_0078,2023-08-30T18:27:17Z,Desktop,US,Free,B
u_0079,2023-06-29T16:49:32Z,Mobile,IN,Free,A
u_0080,2023-06-12T09:35:05Z,Desktop,DE,Premium,A
u_0081,2023-01-14T12:13:46Z,Mobile,US,Free,B
u_0082,2023-12-24T09:02:14Z,Mobile,US,Premium,A
u_0083,2023-03-16T12:59:43Z,Mobile,AU,Free,A
u_0084,2023-02-27T15:03:31Z,Mobile,BR,Premium,B
u_0085,2023-02-13T11:44:18Z,Desktop,SG,Premium,B
u_0086,2023-02-05T22:58:04Z,Mobile,IN,Premium,B
u_0087,2023-02-21T00:07:42Z,Mobile,US,Free,B
u_0088,2023-08-05T11:34:37Z,Desktop,UK,Free,A
u_0089,2023-12-18T02:52:44Z,Mobile,SG,Free,A
u_0090,2023-03-30T22:43:48Z,Mobile,DE,Free,B
u_0091,2023-10-25T16:42:56Z,Mobile,IN,Free,B
u_0092,2023-09-26T15:57:07Z,Mobile,US,Free,B
u_0093,2023-04-08T09:40:36Z,Desktop,US,Free,A
u_0094,2023-09-13T08:28:00Z,Mobile,FR,Premium,B
u_0095,2023-03-28T00:28:48Z,Desktop,US,Free,A
u_0096,2023-04-17T19:12:32Z,Mobile,SG,Premium,B
u_0097,2023-04-14T16:28:34Z,Desktop,AU,Free,A
u_0098,2023-05-03T01:33:13Z,Desktop,FR,Enterprise,A
u_0099,2023-02-17T20:52:03Z,Mobile,FR,Free,A
u_0100,2023-05-22T13:45:21Z,Mobile,IN,Free,A
u_0101,2023-11-09T11:23:00Z,Mobile,US,Free,B
u_0102,2023-06-02T19:48:16Z,Mobile,UK,Premium,B
u_0103,2023-08-28T16:46:25Z,Mobile,US,Free,A
u_0104,2023-04-25T03:22:37Z,Mobile,US,Free,B
u_0105,2023-11-05T10:48:22Z,Mobile,IN,Free,A
u_0106,2023-02-14T03:20:09Z,Mobile,US,Free,A
u_0107,2023-04-21T04:30:24Z,Tablet,US,Free,B
u_0108,2023-01-27T23:26:37Z,Mobile,FR,Premium,A
u_0109,2023-08-05T22:26:43Z,Mobile,US,Free,B
u_0110,2023-06-18T01:22:52Z,Mobile,IN,Free,A
u_0111,2023-02-14T11:43:14Z,Mobile,AU,Free,B
u_0112,2023-08-02T05:54:17Z,Tablet,US,Premium,B
u_0113,2023-01-04T19:36:54Z,Mobile,IN,Free,B
u_0114,2023-08-20T13:39:04Z,Tablet,CA,Premium,B
u_0115,2023-10-08T17:00:26Z,Desktop,FR,Premium,B
u_0116,2023-08-27T03:49:27Z,Mobile,JP,Free,A
u_0117,2023-10-10T05:00:21Z,Mobile,US,Free,B
u_0118,2023-06-13T02:50:13Z,Tablet,IN,Free,B
u_0119,2023-04-20T10:34:17Z,Mobile,IN,Enterprise,A
u_0120,2023-06-07T01:34:49Z,Mobile,AU,Premium,A
u_0121,2023-11-28T04:11:11Z,Desktop,US,Free,A
u_0122,2023-08-02T05:35:33Z,Desktop,DE,Free,A
u_0123,2023-10-16T04:35:20Z,Mobile,US,Premium,A
u_0124,2023-04-05T00:18:20Z,Desktop,IN,Free,A
u_0125,2023-07-13T12:34:00Z,Desktop,IN,Free,B
u_0126,2023-04-25T05:21:10Z,Desktop,US,Free,A
u_0127,2023-09-14T09:00:37Z,Mobile,JP,Premium,B
u_0128,2023-01-29T22:13:32Z,Mobile,US,Premium,A
u_0129,2023-04-02T07:34:00Z,Desktop,DE,Free,A
u_0130,2023-11-10T17:01:57Z,Tablet,BR,Premium,B
u_0131,2023-04-15T13:48:48Z,Desktop,IN,Free,A
u_0132,2023-07-06T01:04:22Z,Mobile,US,Free,A
u_0133,2023-05-03T18:26:07Z,Mobile,BR,Free,A
u_0134,2023-11-07T15:26:33Z,Tablet,BR,Free,A
u_0135,2023-06-05T14:40:55Z,Desktop,AU,Free,B
u_0136,2023-08-16T14:00:32Z,Desktop,AU,Premium,A
u_0137,2023-08-09T14:38:11Z,Mobile,US,Free,B
u_0138,2023-02-07T13:32:40Z,Mobile,US,Free,B
u_0139,2023-01-27T13:48:47Z,Desktop,US,Premium,A
u_0140,2023-08-31T23:01:55Z,Mobile,DE,Free,A
u_0141,2023-05-05T01:30:52Z,Mobile,CA,Free,A
u_0142,2023-07-08T04:19:22Z,Mobile,US,Free,B
u_0143,2023-10-10T21:49:26Z,Mobile,US,Free,B
u_0144,2023-10-04T14:41:07Z,Mobile,UK,Free,B
u_0145,2023-01-29T11:21:02Z,Mobile,CA,Free,A
u_0146,2023-10-28T22:09:06Z,Mobile,IN,Free,A
u_0147,2023-06-19T15:57:26Z,Desktop,UK,Free,B
u_0148,2023-05-04T06:33:02Z,Desktop,US,Free,B
u_0149,2023-01-02T05:44:57Z,Mobile,AU,Premium,B
u_0150,2023-06-19T20:29:26Z,Tablet,CA,Free,B
u_0151,2023-03-06T11:48:02Z,Mobile,US,Free,B
u_0152,2023-02-07T06:07:33Z,Desktop,IN,Free,B
u_0153,2023-09-29T21:19:14Z,Mobile,IN,Premium,B
u_0154,2023-08-13T08:24:49Z,Mobile,IN,Premium,A
u_0155,2023-01-06T17:49:31Z,Tablet,AU,Free,A
u_0156,2023-10-22T21:08:11Z,Desktop,US,Free,B
u_0157,2023-09-01T15:08:57Z,Mobile,IN,Free,A
u_0158,2023-02-23T23:24:17Z,Mobile,AU,Free,A
u_0159,2023-02-11T16:26:54Z,Mobile,US,Free,B
u_0160,2023-03-29T03:02:43Z,Mobile,IN,Free,A
u_0161,2023-03-16T21:21:08Z,Mobile,DE,Free,B
u_0162,2023-09-15T18:06:22Z,Desktop,AU,Free,A
u_0163,2023-04-25T03:35:01Z,Mobile,US,Free,A
u_0164,2023-10-23T01:48:16Z,Tablet,US,Premium,B
u_0165,2023-05-18T18:23:46Z,Mobile,UK,Free,A
u_0166,2023-05-08T11:06:21Z,Mobile,UK,Free,B
u_0167,2023-02-03T05:44:52Z,Mobile,US,Enterprise,B
u_0168,2023-10-06T21:45:42Z,Desktop,IN,Premium,A
u_0169,2023-08-09T09:01:51Z,Mobile,CA,Free,B
u_0170,2023-07-03T04:36:35Z,Mobile,US,Free,B
u_0171,2023-11-14T17:29:59Z,Mobile,US,Free,A
u_0172,2023-08-31T18:33:18Z,Mobile,US,Free,A
u_0173,2023-07-02T14:39:39Z,Desktop,UK,Free,A
u_0174,2023-04-18T21:53:26Z,Desktop,IN,Premium,A
u_0175,2023-09-21T03:37:01Z,Desktop,BR,Premium,A
u_0176,2023-04-29T08:34:16Z,Mobile,US,Free,A
u_0177,2023-09-18T10:51:46Z,Mobile,CA,Free,A
u_0178,2023-10-19T12:11:16Z,Mobile,US,Premium,A
u_0179,2023-11-20T22:38:08Z,Desktop,US,Free,B
u_0180,2023-08-09T14:13:56Z,Desktop,IN,Free,B
u_0181,2023-07-21T17:07:20Z,Mobile,BR,Premium,B
u_0182,2023-11-30T00:54:23Z,Desktop,SG,Premium,A
u_0183,2023-11-25T06:51:26Z,Mobile,IN,Free,A
u_0184,2023-09-23T10:40:06Z,Desktop,SG,Premium,B
u_0185,2023-06-23T12:08:04Z,Desktop,US,Free,A
u_0186,2023-06-01T06:07:57Z,Tablet,US,Free,A
u_0187,2023-05-29T05:18:23Z,Mobile,CA,Premium,B
u_0188,2023-02-19T23:13:38Z,Desktop,US,Free,A
u_0189,2023-04-05T12:04:31Z,Mobile,BR,Enterprise,B
u_0190,2023-05-15T02:50:08Z,Mobile,AU,Free,A
u_0191,2023-03-11T03:25:30Z,Mobile,UK,Free,A
u_0192,2023-10-04T15:13:37Z,Mobile,US,Premium,A
u_0193,2023-04-13T16:01:34Z,Mobile,DE,Premium,A
u_0194,2023-07-03T15:59:10Z,Mobile,BR,Free,A
u_0195,2023-05-26T11:56:44Z,Desktop,IN,Free,A
u_0196,2023-02-15T08:02:52Z,Mobile,IN,Free,B
u_0197,2023-05-18T02:27:48Z,Mobile,US,Free,B
u_0198,2023-01-30T04:01:25Z,Mobile,UK,Free,A
u_0199,2023-12-17T08:22:52Z,Mobile,CA,Free,A
u_0200,2023-06-04T00:46:39Z,Mobile,IN,Free,A
u_0201,2023-12-07T16:09:34Z,Mobile,AU,Free,A
u_0202,2023-12-04T02:15:36Z,Mobile,IN,Free,A
u_0203,2023-08-04T13:08:48Z,Mobile,AU,Premium,A
u_0204,2023-08-25T16:54:40Z,Mobile,DE,Free,A
u_0205,2023-02-27T14:13:02Z,Desktop,US,Premium,B
u_0206,2023-06-11T09:23:18Z,Desktop,IN,Free,B
u_0207,2023-03-30T15:33:29Z,Tablet,IN,Free,A
u_0208,2023-08-30T16:54:01Z,Mobile,FR,Free,A
u_0209,2023-04-04T16:50:38Z,Desktop,SG,Free,B
u_0210,2023-07-16T13:49:15Z,Mobile,CA,Free,A
u_0211,2023-12-03T18:48:11Z,Mobile,BR,Free,B
u_0212,2023-04-16T13:11:58Z,Mobile,IN,Enterprise,A
u_0213,2023-07-09T16:46:23Z,Tablet,US,Premium,B
u_0214,2023-01-16T09:52:13Z,Desktop,JP,Premium,A
u_0215,2023-08-19T10:13:14Z,Mobile,IN,Free,B
u_0216,2023-05-11T08:42:56Z,Mobile,UK,Free,B
u_0217,2023-03-31T19:23:40Z,Mobile,IN,Enterprise,A
u_0218,2023-02-12T05:36:22Z,Mobile,CA,Free,B
u_0219,2023-02-04T20:40:17Z,Mobile,IN,Free,A
u_0220,2023-07-24T16:28:00Z,Mobile,CA,Enterprise,A
u_0221,2023-01-11T19:28:17Z,Desktop,UK,Free,B
u_0222,2023-10-10T02:37:06Z,Mobile,US,Free,B
u_0223,2023-09-29T13:48:20Z,Mobile,US,Premium,B
u_0224,2023-07-17T11:44:51Z,Mobile,US,Free,B
u_0225,2023-01-25T23:55:04Z,Desktop,SG,Premium,A
u_0226,2023-04-19T11:40:45Z,Mobile,JP,Free,B
u_0227,2023-01-15T23:44:15Z,Desktop,DE,Free,A
u_0228,2023-06-11T10:40:23Z,Mobile,US,Free,B
u_0229,2023-09-14T11:58:04Z,Mobile,FR,Premium,A
u_0230,2023-03-03T12:22:23Z,Desktop,DE,Free,A
u_0231,2023-04-12T17:35:11Z,Desktop,US,Free,B
u_0232,2023-09-13T12:13:12Z,Desktop,US,Free,A
u_0233,2023-10-16T04:47:28Z,Mobile,AU,Premium,A
u_0234,2023-11-06T17:10:07Z,Desktop,BR,Free,A
u_0235,2023-03-07T00:42:37Z,Desktop,CA,Premium,B
u_0236,2023-08-30T11:29:02Z,Mobile,SG,Free,A
u_0237,2023-06-05T01:46:36Z,Mobile,UK,Free,B
u_0238,2023-08-31T18:04:24Z,Mobile,DE,Free,A
u_0239,2023-03-10T06:46:39Z,Desktop,IN,Free,A
u_0240,2023-07-24T13:23:01Z,Mobile,US,Premium,B
u_0241,2023-02-01T12:45:17Z,Mobile,DE,Free,A
u_0242,2023-04-30T09:46:36Z,Mobile,BR,Free,A
u_0243,2023-01-04T09:35:41Z,Mobile,US,Enterprise,A
u_0244,2023-05-09T21:02:31Z,Desktop,FR,Free,B
u_0245,2023-05-12T04:53:50Z,Mobile,US,Premium,A
u_0246,2023-07-16T21:32:52Z,Desktop,DE,Premium,A
u_0247,2023-12-14T09:19:45Z,Mobile,DE,Free,B
u_0248,2023-02-09T06:41:00Z,Mobile,IN,Free,B
u_0249,2023-04-07T09:58:37Z,Mobile,IN,Free,B
u_0250,2023-11-12T18:45:49Z,Mobile,JP,Free,A
u_0251,2023-06-21T17:08:55Z,Mobile,IN,Free,B
u_0252,2023-03-16T14:26:52Z,Mobile,US,Free,B
u_0253,2023-02-10T22:44:41Z,Mobile,DE,Free,A
u_0254,2023-10-27T23:35:55Z,Desktop,DE,Premium,B
u_0255,2023-02-27T22:22:00Z,Mobile,CA,Free,A
u_0256,2023-08-26T21:43:44Z,Tablet,IN,Premium,B
u_0257,2023-04-19T02:44:11Z,Mobile,IN,Free,A
u_0258,2023-08-31T05:52:57Z,Mobile,US,Premium,A
u_0259,2023-01-06T04:31:06Z,Mobile,JP,Premium,A
u_0260,2023-05-06T02:34:56Z,Desktop,FR,Premium,A
u_0261,2023-10-20T07:41:56Z,Mobile,CA,Premium,B
u_0262,2023-04-13T14:01:46Z,Mobile,JP,Free,A
u_0263,2023-08-27T22:36:33Z,Desktop,IN,Free,A
u_0264,2023-02-18T16:16:22Z,Mobile,US,Premium,A
u_0265,2023-12-14T22:32:13Z,Desktop,CA,Enterprise,B
u_0266,2023-06-25T07:54:36Z,Tablet,IN,Premium,A
u_0267,2023-07-23T11:24:16Z,Desktop,UK,Enterprise,B
u_0268,2023-03-02T22:02:42Z,Desktop,US,Free,A
u_0269,2023-10-04T14:08:10Z,Mobile,US,Free,A
u_0270,2023-03-12T05:52:44Z,Desktop,IN,Free,B
u_0271,2023-09-15T07:53:53Z,Mobile,DE,Free,B
u_0272,2023-03-04T15:42:16Z,Desktop,UK,Free,A
u_0273,2023-01-16T07:16:53Z,Desktop,US,Premium,B
u_0274,2023-06-09T16:26:28Z,Mobile,JP,Free,A
u_0275,2023-05-25T03:07:47Z,Mobile,UK,Enterprise,A
u_0276,2023-03-22T08:14:49Z,Mobile,UK,Free,A
u_0277,2023-04-05T14:52:09Z,Mobile,DE,Free,A
u_0278,2023-01-18T17:07:14Z,Mobile,US,Free,A
u_0279,2023-04-30T02:13:04Z,Desktop,BR,Premium,B
u_0280,2023-04-25T10:17:24Z,Desktop,US,Free,A
u_0281,2023-10-18T16:24:00Z,Mobile,CA,Free,B
u_0282,2023-03-07T21:23:14Z,Mobile,US,Free,B
u_0283,2023-08-13T09:02:27Z,Mobile,DE,Free,B
u_0284,2023-02-20T10:27:19Z,Tablet,BR,Free,B
u_0285,2023-03-01T00:31:46Z,Mobile,SG,Free,A
u_0286,2023-05-21T08:44:47Z,Mobile,JP,Premium,B
u_0287,2023-05-15T20:34:51Z,Mobile,AU,Free,A
u_0288,2023-02-21T12:36:28Z,Mobile,US,Free,A
u_0289,2023-04-11T04:53:43Z,Mobile,US,Free,A
u_0290,2023-12-13T11:49:15Z,Mobile,US,Free,A
u_0291,2023-12-10T05:00:04Z,Mobile,BR,Free,A
u_0292,2023-12-04T23:50:51Z,Mobile,BR,Free,B
u_0293,2023-04-11T00:23:48Z,Mobile,CA,Enterprise,A
u_0294,2023-09-05T11:46:40Z,Desktop,IN,Free,A
u_0295,2023-09-29T11:34:06Z,Desktop,IN,Free,A
u_0296,2023-08-27T13:20:04Z,Desktop,US,Free,A
u_0297,2023-04-10T19:20:45Z,Mobile,CA,Premium,A
u_0298,2023-03-14T20:12:42Z,Desktop,IN,Free,A
u_0299,2023-05-28T06:51:52Z,Mobile,AU,Premium,A
u_0300,2023-04-18T01:26:19Z,Tablet,US,Free,A
u_0301,2023-01-30T04:40:56Z,Mobile,IN,Free,B
u_0302,2023-03-19T06:31:02Z,Mobile,US,Free,A
u_0303,2023-06-14T16:23:10Z,Tablet,US,Free,B
u_0304,2023-05-05T11:44:03Z,Mobile,IN,Free,A
u_0305,2023-11-04T12:16:35Z,Desktop,IN,Free,A
u_0306,2023-01-17T04:13:29Z,Desktop,US,Free,A
u_0307,2023-08-30T14:00:42Z,Mobile,IN,Free,B
u_0308,2023-03-23T08:10:14Z,Desktop,US,Premium,B
u_0309,2023-12-24T15:06:54Z,Tablet,JP,Free,A
u_0310,2023-06-16T16:02:20Z,Desktop,SG,Premium,B
u_0311,2023-02-19T02:46:42Z,Mobile,JP,Free,B
u_0312,2023-02-25T09:16:28Z,Desktop,BR,Enterprise,A
u_0313,2023-03-19T18:32:20Z,Mobile,CA,Free,A
u_0314,2023-09-09T11:18:29Z,Desktop,BR,Free,A
u_0315,2023-09-23T13:53:58Z,Desktop,US,Enterprise,B
u_0316,2023-04-12T18:29:40Z,Desktop,IN,Free,A
u_0317,2023-07-16T14:38:45Z,Mobile,IN,Free,B
u_0318,2023-03-15T12:14:27Z,Mobile,IN,Premium,B
u_0319,2023-05-16T21:22:55Z,Desktop,FR,Free,B
u_0320,2023-10-05T17:27:04Z,Mobile,US,Premium,A
u_0321,2023-05-16T20:24:23Z,Mobile,DE,Free,B
u_0322,2023-12-04T05:35:30Z,Desktop,JP,Free,A
u_0323,2023-03-29T08:16:40Z,Desktop,IN,Free,A
u_0324,2023-01-31T23:33:55Z,Mobile,US,Premium,A
u_0325,2023-01-25T03:54:45Z,Mobile,IN,Free,A
u_0326,2023-07-31T02:32:40Z,Tablet,US,Free,B
u_0327,2023-02-10T12:31:29Z,Desktop,BR,Enterprise,B
u_0328,2023-12-20T03:11:06Z,Mobile,IN,Free,A
u_0329,2023-09-28T21:08:10Z,Desktop,US,Enterprise,A
u_0330,2023-01-22T03:37:34Z,Desktop,IN,Premium,A
u_0331,2023-05-29T08:15:45Z,Mobile,US,Premium,A
u_0332,2023-10-29T06:15:02Z,Mobile,US,Free,B
u_0333,2023-02-27T02:05:47Z,Mobile,US,Premium,B
u_0334,2023-02-27T12:37:59Z,Mobile,SG,Premium,A
u_0335,2023-07-08T22:21:48Z,Mobile,US,Premium,A
u_0336,2023-06-15T15:24:16Z,Mobile,FR,Free,A
u_0337,2023-09-19T12:45:29Z,Mobile,IN,Free,A
u_0338,2023-01-08T10:32:08Z,Mobile,UK,Free,A
u_0339,2023-12-22T02:50:23Z,Mobile,IN,Premium,A
u_0340,2023-05-08T06:05:43Z,Desktop,IN,Free,A
u_0341,2023-05-14T15:16:03Z,Mobile,CA,Free,B
u_0342,2023-01-27T15:22:03Z,Mobile,SG,Enterprise,B
u_0343,2023-09-17T13:58:46Z,Desktop,SG,Free,A
u_0344,2023-10-16T15:51:09Z,Mobile,DE,Free,B
u_0345,2023-05-08T07:42:20Z,Desktop,AU,Free,B
u_0346,2023-02-14T22:10:48Z,Desktop,JP,Free,B
u_0347,2023-03-30T19:20:23Z,Desktop,UK,Free,A
u_0348,2023-01-01T20:09:27Z,Mobile,DE,Free,A
u_0349,2023-06-21T16:07:33Z,Mobile,JP,Free,B
u_0350,2023-05-13T14:14:34Z,Tablet,US,Free,A
u_0351,2023-10-05T17:05:16Z,Desktop,US,Free,B
u_0352,2023-02-10T01:50:24Z,Mobile,US,Free,B
u_0353,2023-08-19T06:13:41Z,Mobile,UK,Premium,B
u_0354,2023-01-05T04:17:08Z,Tablet,CA,Free,A
u_0355,2023-02-26T11:54:34Z,Mobile,US,Free,A
u_0356,2023-08-02T22:33:42Z,Mobile,IN,Premium,A
u_0357,2023-11-27T12:52:46Z,Desktop,US,Premium,A
u_0358,2023-06-23T01:21:23Z,Mobile,AU,Free,A
u_0359,2023-04-07T22:32:22Z,Tablet,AU,Free,B
u_0360,2023-02-27T08:38:20Z,Tablet,FR,Free,A
u_0361,2023-12-05T16:57:23Z,Desktop,US,Free,B
u_0362,2023-03-20T16:52:53Z,Tablet,US,Premium,A
u_0363,2023-11-28T03:54:53Z,Desktop,DE,Premium,A
u_0364,2023-09-16T21:05:43Z,Mobile,CA,Free,B
u_0365,2023-10-16T15:08:04Z,Desktop,AU,Free,B
u_0366,2023-01-09T18:38:42Z,Desktop,SG,Premium,B
u_0367,2023-03-20T21:38:30Z,Mobile,DE,Premium,A
u_0368,2023-08-13T15:21:28Z,Mobile,IN,Enterprise,B
u_0369,2023-02-14T00:51:27Z,Desktop,CA,Free,B
u_0370,2023-09-26T06:17:43Z,Mobile,IN,Free,B
u_0371,2023-09-06T00:01:51Z,Tablet,CA,Free,B
u_0372,2023-03-23T06:54:34Z,Mobile,IN,Premium,A
u_0373,2023-12-07T11:34:15Z,Mobile,US,Premium,A
u_0374,2023-01-12T06:53:30Z,Mobile,AU,Free,B
u_0375,2023-06-23T18:47:18Z,Mobile,UK,Free,A
u_0376,2023-09-16T12:09:36Z,Desktop,IN,Premium,B
u_0377,2023-04-14T15:50:17Z,Mobile,IN,Free,A
u_0378,2023-04-21T11:14:34Z,Mobile,JP,Free,A
u_0379,2023-09-04T14:00:24Z,Desktop,US,Free,B
u_0380,2023-02-26T21:26:51Z,Mobile,FR,Free,A
u_0381,2023-01-02T02:34:11Z,Mobile,IN,Free,A
u_0382,2023-08-23T03:30:02Z,Tablet,US,Free,B
u_0383,2023-08-07T06:09:42Z,Mobile,JP,Free,B
u_0384,2023-05-17T20:40:01Z,Desktop,JP,Free,B
u_0385,2023-10-04T03:17:59Z,Desktop,CA,Free,B
u_0386,2023-01-19T05:21:27Z,Desktop,DE,Enterprise,B
u_0387,2023-10-08T17:58:05Z,Mobile,US,Free,A
u_0388,2023-12-14T12:46:15Z,Mobile,UK,Free,A
u_0389,2023-06-05T05:50:10Z,Mobile,US,Free,A
u_0390,2023-07-19T13:49:40Z,Desktop,UK,Free,B
u_0391,2023-06-24T01:30:21Z,Mobile,JP,Free,B
u_0392,2023-09-23T05:45:50Z,Mobile,FR,Free,B
u_0393,2023-07-15T00:50:45Z,Mobile,US,Free,A
u_0394,2023-05-28T23:58:39Z,Mobile,UK,Free,B
u_0395,2023-09-25T06:07:07Z,Mobile,UK,Premium,A
u_0396,2023-09-22T21:03:12Z,Tablet,BR,Free,A
u_0397,2023-09-17T13:22:01Z,Desktop,BR,Premium,B
u_0398,2023-06-16T10:18:41Z,Mobile,IN,Free,A
u_0399,2023-02-05T04:57:46Z,Mobile,FR,Free,A
u_0400,2023-09-03T21:57:06Z,Desktop,AU,Free,A
u_0401,2023-09-08T02:27:36Z,Mobile,AU,Premium,A
u_0402,2023-05-07T06:53:48Z,Mobile,FR,Free,A
u_0403,2023-02-10T04:37:41Z,Tablet,IN,Premium,B
u_0404,2023-01-30T22:37:42Z,Mobile,FR,Free,A
u_0405,2023-05-14T03:13:52Z,Tablet,AU,Premium,A
u_0406,2023-08-31T03:59:47Z,Desktop,IN,Free,A
u_0407,2023-01-14T03:59:26Z,Mobile,US,Free,B
u_0408,2023-09-22T21:22:12Z,Tablet,US,Free,B
u_0409,2023-04-13T15:16:24Z,Mobile,US,Free,A
u_0410,2023-11-07T13:56:35Z,Mobile,US,Free,A
u_0411,2023-05-09T01:12:26Z,Mobile,CA,Free,A
u_0412,2023-06-30T10:38:27Z,Mobile,US,Free,A
u_0413,2023-05-27T14:26:47Z,Mobile,US,Premium,B
u_0414,2023-06-12T05:23:34Z,Desktop,SG,Free,A
u_0415,2023-12-09T16:04:14Z,Mobile,US,Free,B
u_0416,2023-07-27T03:38:49Z,Mobile,IN,Free,B
u_0417,2023-11-01T17:12:53Z,Mobile,US,Free,B
u_0418,2023-01-16T11:00:23Z,Mobile,IN,Premium,A
u_0419,2023-11-14T01:36:48Z,Desktop,IN,Free,A
u_0420,2023-07-17T13:24:47Z,Mobile,DE,Free,A
u_0421,2023-06-04T10:15:47Z,Desktop,US,Free,B
u_0422,2023-02-04T14:19:36Z,Tablet,FR,Premium,B
u_0423,2023-11-10T10:12:56Z,Mobile,CA,Free,B
u_0424,2023-09-20T14:20:37Z,Mobile,FR,Enterprise,B
u_0425,2023-01-29T14:10:39Z,Desktop,US,Free,B
u_0426,2023-08-13T23:56:59Z,Mobile,US,Free,B
u_0427,2023-06-14T12:52:45Z,Desktop,IN,Free,A
u_0428,2023-12-01T17:33:57Z,Mobile,IN,Free,B
u_0429,2023-04-24T00:36:06Z,Mobile,SG,Free,B
u_0430,2023-02-27T14:40:36Z,Mobile,US,Free,A
u_0431,2023-03-05T01:18:56Z,Tablet,IN,Free,A
u_0432,2023-01-06T03:40:31Z,Desktop,US,Premium,A
u_0433,2023-06-30T12:50:15Z,Mobile,BR,Premium,B
u_0434,2023-05-10T03:48:40Z,Desktop,IN,Free,B
u_0435,2023-09-23T07:42:22Z,Mobile,US,Free,A
u_0436,2023-06-08T22:40:50Z,Mobile,UK,Free,A
u_0437,2023-08-22T18:45:30Z,Desktop,DE,Enterprise,A
u_0438,2023-10-28T00:20:27Z,Tablet,AU,Enterprise,B
u_0439,2023-01-14T07:29:20Z,Desktop,UK,Free,A
u_0440,2023-01-02T12:53:03Z,Mobile,US,Free,B
u_0441,2023-04-16T06:45:50Z,Tablet,US,Free,B
u_0442,2023-08-18T12:56:10Z,Desktop,SG,Free,B
u_0443,2023-09-21T00:36:24Z,Mobile,FR,Free,A
u_0444,2023-01-10T18:15:59Z,Desktop,FR,Premium,B
u_0445,2023-09-27T17:14:48Z,Mobile,IN,Free,B
u_0446,2023-01-25T07:51:44Z,Tablet,IN,Free,A
u_0447,2023-05-05T01:07:57Z,Mobile,US,Free,B
u_0448,2023-05-28T12:51:50Z,Mobile,AU,Free,B
u_0449,2023-01-02T22:12:21Z,Mobile,AU,Free,B
u_0450,2023-02-24T11:06:55Z,Mobile,US,Free,B
u_0451,2023-12-17T07:48:40Z,Mobile,US,Free,B
u_0452,2023-02-26T12:47:13Z,Desktop,AU,Enterprise,B
u_0453,2023-06-09T11:27:48Z,Mobile,IN,Free,A
u_0454,2023-08-15T13:26:12Z,Desktop,DE,Premium,B
u_0455,2023-12-06T00:09:08Z,Desktop,UK,Premium,A
u_0456,2023-02-03T20:54:03Z,Mobile,IN,Free,B
u_0457,2023-12-03T12:02:41Z,Mobile,US,Premium,B
u_0458,2023-01-23T18:05:12Z,Desktop,US,Premium,B
u_0459,2023-05-26T06:09:26Z,Mobile,IN,Free,A
u_0460,2023-10-25T18:40:14Z,Mobile,JP,Free,B
u_0461,2023-02-01T04:31:49Z,Desktop,IN,Free,A
u_0462,2023-05-28T21:06:57Z,Mobile,US,Premium,A
u_0463,2023-03-11T00:34:50Z,Mobile,DE,Free,A
u_0464,2023-12-04T16:15:42Z,Desktop,US,Free,B
u_0465,2023-08-05T05:23:11Z,Mobile,FR,Free,B
u_0466,2023-11-13T00:33:32Z,Mobile,BR,Enterprise,B
u_0467,2023-09-28T04:15:29Z,Desktop,SG,Premium,A
u_0468,2023-11-26T00:05:04Z,Mobile,IN,Free,B
u_0469,2023-05-22T08:59:03Z,Tablet,FR,Free,A
u_0470,2023-04-04T03:52:09Z,Mobile,US,Premium,B
u_0471,2023-04-28T06:48:20Z,Mobile,US,Free,B
u_0472,2023-07-30T20:01:40Z,Mobile,UK,Free,B
u_0473,2023-06-28T01:25:00Z,Mobile,US,Free,B
u_0474,2023-02-23T07:25:24Z,Mobile,IN,Free,A
u_0475,2023-07-03T16:08:33Z,Mobile,BR,Free,A
u_0476,2023-11-08T05:23:11Z,Mobile,SG,Free,A
u_0477,2023-08-29T19:46:21Z,Desktop,AU,Free,B
u_0478,2023-04-29T09:54:30Z,Mobile,IN,Free,B
u_0479,2023-07-01T10:48:52Z,Tablet,FR,Free,B
u_0480,2023-02-22T21:17:32Z,Mobile,CA,Free,A
u_0481,2023-04-09T05:50:43Z,Mobile,US,Premium,B
u_0482,2023-06-30T03:49:47Z,Desktop,US,Premium,B
u_0483,2023-03-17T05:35:50Z,Mobile,AU,Free,A
u_0484,2023-09-17T19:48:03Z,Desktop,US,Free,B
u_0485,2023-10-03T07:50:15Z,Mobile,IN,Free,A
u_0486,2023-07-22T23:28:13Z,Desktop,AU,Free,A
u_0487,2023-08-27T18:51:29Z,Mobile,BR,Free,B
u_0488,2023-02-09T22:07:52Z,Mobile,US,Free,B
u_0489,2023-05-18T13:29:49Z,Desktop,IN,Free,A
u_0490,2023-01-20T12:12:49Z,Mobile,IN,Free,B
u_0491,2023-01-04T07:36:29Z,Mobile,CA,Premium,A
u_0492,2023-06-15T00:24:43Z,Mobile,US,Free,A
u_0493,2023-08-10T17:10:39Z,Desktop,US,Free,B
u_0494,2023-10-01T00:47:38Z,Desktop,US,Premium,B
u_0495,2023-02-09T13:54:33Z,Mobile,US,Free,B
u_0496,2023-08-12T23:31:52Z,Tablet,CA,Free,A
u_0497,2023-01-20T14:22:53Z,Desktop,UK,Free,A
u_0498,2023-09-14T20:43:24Z,Desktop,US,Free,A
u_0499,2023-01-31T10:54:55Z,Desktop,FR,Free,B
u_0500,2023-03-20T02:41:46Z,Mobile,CA,Free,A
u_0501,2023-04-25T02:27:20Z,Desktop,US,Premium,B
u_0502,2023-10-19T18:01:25Z,Tablet,UK,Free,A
u_0503,2023-01-12T03:59:59Z,Mobile,BR,Free,B
u_0504,2023-03-22T00:04:38Z,Mobile,IN,Free,A
u_0505,2023-03-10T22:57:57Z,Mobile,US,Premium,B
u_0506,2023-05-21T06:21:15Z,Desktop,UK,Free,A
u_0507,2023-04-27T06:25:47Z,Mobile,US,Free,B
u_0508,2023-11-02T12:05:00Z,Tablet,CA,Premium,A
u_0509,2023-04-12T08:25:19Z,Mobile,JP,Premium,B
u_0510,2023-09-06T12:34:51Z,Desktop,SG,Free,B
u_0511,2023-05-07T21:24:35Z,Desktop,US,Free,A
u_0512,2023-10-13T11:32:53Z,Mobile,AU,Free,B
u_0513,2023-11-25T11:36:26Z,Mobile,AU,Free,A
u_0514,2023-11-12T19:20:31Z,Mobile,US,Enterprise,B
u_0515,2023-08-23T23:56:34Z,Mobile,AU,Enterprise,B
u_0516,2023-11-28T01:43:03Z,Mobile,JP,Free,B
u_0517,2023-09-17T01:16:55Z,Desktop,US,Premium,A
u_0518,2023-09-05T22:59:50Z,Mobile,JP,Free,A
u_0519,2023-11-05T15:42:09Z,Desktop,UK,Premium,B
u_0520,2023-04-24T21:41:03Z,Mobile,BR,Free,A
u_0521,2023-04-17T07:35:10Z,Desktop,IN,Free,B
u_0522,2023-09-22T20:56:12Z,Mobile,US,Premium,B
u_0523,2023-12-15T01:36:57Z,Desktop,UK,Premium,A
u_0524,2023-10-11T12:54:33Z,Desktop,DE,Premium,B
u_0525,2023-11-16T23:48:19Z,Mobile,US,Premium,A
u_0526,2023-02-12T17:45:53Z,Mobile,DE,Free,A
u_0527,2023-12-21T22:14:27Z,Desktop,DE,Free,B
u_0528,2023-06-07T23:29:56Z,Desktop,DE,Enterprise,A
u_0529,2023-07-06T07:53:31Z,Tablet,BR,Premium,A
u_0530,2023-12-11T05:13:27Z,Desktop,JP,Premium,A
u_0531,2023-08-17T06:48:52Z,Mobile,US,Premium,A
u_0532,2023-06-19T07:56:30Z,Desktop,IN,Free,B
u_0533,2023-01-18T21:42:17Z,Mobile,IN,Enterprise,A
u_0534,2023-11-18T08:57:56Z,Tablet,SG,Premium,A
u_0535,2023-03-18T12:42:14Z,Desktop,UK,Free,A
u_0536,2023-06-25T02:37:28Z,Mobile,US,Free,A
u_0537,2023-02-21T02:23:52Z,Mobile,AU,Free,A
u_0538,2023-07-26T04:40:33Z,Desktop,US,Free,A
u_0539,2023-06-13T21:03:29Z,Desktop,CA,Free,A
u_0540,2023-02-02T14:30:50Z,Desktop,US,Free,A
u_0541,2023-01-12T12:31:59Z,Mobile,FR,Free,B
u_0542,2023-09-01T18:33:29Z,Mobile,JP,Free,B
u_0543,2023-08-08T17:02:23Z,Tablet,UK,Free,B
u_0544,2023-08-14T01:48:34Z,Mobile,US,Free,A
u_0545,2023-03-31T15:46:16Z,Desktop,IN,Free,A
u_0546,2023-01-04T00:36:37Z,Mobile,IN,Free,B
u_0547,2023-05-09T23:23:35Z,Mobile,BR,Premium,B
u_0548,2023-10-02T06:09:58Z,Desktop,US,Free,A
u_0549,2023-07-17T19:46:08Z,Mobile,IN,Free,A
u_0550,2023-11-23T00:31:07Z,Mobile,AU,Premium,A
u_0551,2023-10-01T08:40:26Z,Tablet,CA,Enterprise,B
u_0552,2023-05-29T20:24:42Z,Mobile,US,Free,A
u_0553,2023-01-09T14:07:16Z,Mobile,FR,Free,B
u_0554,2023-08-30T13:00:29Z,Mobile,CA,Enterprise,A
u_0555,2023-09-14T23:51:57Z,Desktop,US,Free,A
u_0556,2023-06-16T07:26:38Z,Mobile,US,Free,A
u_0557,2023-08-22T01:31:26Z,Desktop,IN,Premium,A
u_0558,2023-05-08T22:08:50Z,Mobile,JP,Premium,B
u_0559,2023-08-11T08:01:12Z,Mobile,AU,Premium,A
u_0560,2023-05-20T12:13:54Z,Mobile,FR,Premium,B
u_0561,2023-08-23T07:43:22Z,Desktop,US,Enterprise,B
u_0562,2023-10-19T04:36:04Z,Mobile,US,Free,A
u_0563,2023-10-16T12:22:39Z,Mobile,US,Free,B
u_0564,2023-10-23T22:13:08Z,Desktop,US,Premium,B
u_0565,2023-08-22T14:50:25Z,Desktop,US,Free,B
u_0566,2023-10-05T07:23:05Z,Mobile,JP,Premium,B
u_0567,2023-07-21T14:01:39Z,Mobile,US,Free,A
u_0568,2023-03-05T01:29:34Z,Mobile,UK,Premium,B
u_0569,2023-03-03T03:49:12Z,Desktop,IN,Premium,A
u_0570,2023-03-01T03:47:49Z,Mobile,BR,Free,A
u_0571,2023-03-07T16:08:34Z,Mobile,IN,Free,A
u_0572,2023-05-03T08:40:18Z,Mobile,US,Free,A
u_0573,2023-06-23T08:01:21Z,Desktop,JP,Free,A
u_0574,2023-10-20T05:17:08Z,Mobile,IN,Free,A
u_0575,2023-11-21T11:38:36Z,Mobile,US,Free,A
u_0576,2023-05-30T07:50:06Z,Mobile,CA,Free,A
u_0577,2023-09-29T14:02:28Z,Mobile,DE,Free,B
u_0578,2023-10-02T13:37:43Z,Mobile,SG,Free,A
u_0579,2023-06-17T03:31:36Z,Mobile,SG,Premium,B
u_0580,2023-06-06T05:33:05Z,Tablet,UK,Free,A
u_0581,2023-08-18T12:40:57Z,Mobile,IN,Free,B
u_0582,2023-04-16T20:37:11Z,Desktop,AU,Free,B
u_0583,2023-06-28T18:05:55Z,Mobile,SG,Free,B
u_0584,2023-11-19T01:24:28Z,Mobile,UK,Free,A
u_0585,2023-06-15T07:50:32Z,Mobile,US,Premium,B
u_0586,2023-08-15T07:17:52Z,Mobile,CA,Free,B
u_0587,2023-02-17T10:54:53Z,Desktop,CA,Free,B
u_0588,2023-05-17T10:07:21Z,Desktop,IN,Free,A
u_0589,2023-01-15T19:24:21Z,Desktop,US,Free,B
u_0590,2023-06-26T03:06:36Z,Mobile,BR,Free,A
u_0591,2023-04-23T17:12:06Z,Desktop,AU,Free,A
u_0592,2023-11-08T00:02:59Z,Mobile,IN,Premium,A
u_0593,2023-02-15T22:13:10Z,Desktop,IN,Free,B
u_0594,2023-02-02T02:48:28Z,Mobile,BR,Free,B
u_0595,2023-02-28T10:54:37Z,Mobile,US,Free,B
u_0596,2023-08-26T17:00:11Z,Desktop,SG,Premium,A
u_0597,2023-11-22T21:09:03Z,Desktop,FR,Premium,B
u_0598,2023-09-09T02:35:32Z,Desktop,US,Free,A
u_0599,2023-07-26T04:06:25Z,Desktop,US,Premium,B
u_0600,2023-01-28T18:48:24Z,Mobile,UK,Free,B
u_0601,2023-09-13T15:14:18Z,Desktop,CA,Free,A
u_0602,2023-01-22T01:45:10Z,Mobile,AU,Free,A
u_0603,2023-08-16T02:01:10Z,Desktop,AU,Premium,A
u_0604,2023-02-01T17:56:00Z,Mobile,CA,Free,A
u_0605,2023-02-08T22:14:57Z,Mobile,DE,Premium,A
u_0606,2023-03-26T07:52:10Z,Mobile,BR,Free,A
u_0607,2023-04-03T06:05:08Z,Mobile,IN,Free,B
u_0608,2023-02-16T22:22:40Z,Mobile,JP,Premium,B
u_0609,2023-10-15T04:17:09Z,Desktop,UK,Enterprise,B
u_0610,2023-08-24T18:08:57Z,Desktop,SG,Free,B
u_0611,2023-03-15T04:08:01Z,Mobile,US,Free,A
u_0612,2023-04-14T08:17:54Z,Mobile,CA,Free,B
u_0613,2023-03-02T02:51:18Z,Desktop,IN,Free,B
u_0614,2023-05-23T06:43:29Z,Tablet,UK,Free,A
u_0615,2023-07-30T07:46:02Z,Mobile,UK,Free,A
u_0616,2023-08-13T20:24:17Z,Mobile,DE,Free,A
u_0617,2023-08-06T03:22:48Z,Desktop,UK,Free,B
u_0618,2023-01-23T13:07:20Z,Mobile,US,Free,A
u_0619,2023-07-24T17:13:35Z,Tablet,FR,Free,A
u_0620,2023-12-24T05:45:17Z,Tablet,FR,Enterprise,B
u_0621,2023-02-10T21:24:35Z,Mobile,BR,Free,A
u_0622,2023-03-18T04:22:04Z,Mobile,IN,Free,B
u_0623,2023-06-03T07:17:45Z,Desktop,AU,Premium,B
u_0624,2023-01-28T02:21:15Z,Mobile,AU,Premium,B
u_0625,2023-05-29T03:08:55Z,Desktop,UK,Free,B
u_0626,2023-04-26T18:45:14Z,Mobile,DE,Free,B
u_0627,2023-03-02T18:11:13Z,Mobile,IN,Premium,A
u_0628,2023-01-15T10:18:26Z,Mobile,US,Free,B
u_0629,2023-03-05T06:54:27Z,Desktop,US,Free,B
u_0630,2023-04-12T22:35:10Z,Mobile,BR,Free,B
u_0631,2023-11-27T18:21:49Z,Mobile,US,Premium,B
u_0632,2023-06-24T00:35:24Z,Mobile,IN,Free,B
u_0633,2023-10-21T03:50:36Z,Tablet,IN,Free,B
u_0634,2023-08-28T13:36:41Z,Desktop,FR,Free,B
u_0635,2023-09-26T00:55:22Z,Desktop,SG,Premium,B
u_0636,2023-10-06T01:17:01Z,Tablet,US,Premium,A
u_0637,2023-05-21T07:46:10Z,Desktop,DE,Free,B
u_0638,2023-03-11T14:48:39Z,Mobile,UK,Free,B
u_0639,2023-06-09T02:28:10Z,Mobile,IN,Premium,B
u_0640,2023-12-14T00:35:12Z,Mobile,IN,Premium,B
u_0641,2023-10-09T10:39:26Z,Mobile,SG,Free,B
u_0642,2023-09-15T20:52:55Z,Mobile,US,Free,B
u_0643,2023-01-04T11:18:29Z,Mobile,IN,Free,A
u_0644,2023-08-14T15:21:56Z,Mobile,CA,Premium,B
u_0645,2023-11-01T05:31:53Z,Mobile,IN,Premium,B
u_0646,2023-11-26T03:10:23Z,Desktop,SG,Premium,A
u_0647,2023-08-06T05:18:24Z,Tablet,IN,Free,B
u_0648,2023-12-02T10:16:05Z,Desktop,US,Premium,A
u_0649,2023-10-25T08:32:46Z,Mobile,UK,Free,B
u_0650,2023-11-06T04:04:02Z,Mobile,AU,Free,B
u_0651,2023-11-10T10:42:02Z,Mobile,IN,Free,B
u_0652,2023-02-07T23:39:45Z,Tablet,UK,Free,B
u_0653,2023-03-11T11:41:09Z,Mobile,UK,Free,B
u_0654,2023-10-07T01:23:45Z,Desktop,FR,Enterprise,B
u_0655,2023-06-25T10:24:39Z,Tablet,IN,Free,B
u_0656,2023-11-21T04:53:12Z,Mobile,US,Free,A
u_0657,2023-10-02T11:50:01Z,Tablet,US,Free,A
u_0658,2023-10-07T04:35:04Z,Desktop,US,Free,B
u_0659,2023-10-04T23:57:13Z,Desktop,BR,Enterprise,B
u_0660,2023-08-04T21:07:37Z,Desktop,SG,Free,A
u_0661,2023-09-17T13:32:55Z,Desktop,CA,Enterprise,B
u_0662,2023-02-15T06:51:18Z,Mobile,BR,Free,B
u_0663,2023-12-15T18:44:22Z,Desktop,US,Free,B
u_0664,2023-01-29T17:41:48Z,Mobile,JP,Free,B
u_0665,2023-01-08T00:23:41Z,Desktop,IN,Enterprise,B
u_0666,2023-08-29T12:17:13Z,Mobile,AU,Premium,B
u_0667,2023-03-08T19:01:49Z,Mobile,US,Free,A
u_0668,2023-02-22T01:19:52Z,Desktop,SG,Free,B
u_0669,2023-01-04T13:21:56Z,Desktop,CA,Free,A
u_0670,2023-01-01T02:53:16Z,Desktop,JP,Free,A
u_0671,2023-12-11T23:33:01Z,Desktop,JP,Free,A
u_0672,2023-03-22T13:18:54Z,Mobile,IN,Free,A
u_0673,2023-12-07T19:47:48Z,Mobile,JP,Free,A
u_0674,2023-02-10T20:11:30Z,Mobile,UK,Free,A
u_0675,2023-01-09T21:02:20Z,Desktop,UK,Free,B
u_0676,2023-09-27T02:51:41Z,Desktop,US,Free,A
u_0677,2023-09-07T17:30:38Z,Desktop,US,Free,A
u_0678,2023-07-23T02:10:37Z,Mobile,US,Free,A
u_0679,2023-08-06T04:15:30Z,Mobile,IN,Premium,A
u_0680,2023-07-25T22:53:50Z,Mobile,US,Enterprise,B
u_0681,2023-09-25T21:48:47Z,Tablet,US,Premium,B
u_0682,2023-02-18T01:48:05Z,Desktop,FR,Free,B
u_0683,2023-09-09T19:18:21Z,Mobile,US,Free,B
u_0684,2023-12-06T06:49:29Z,Desktop,DE,Free,A
u_0685,2023-03-18T11:53:15Z,Mobile,BR,Free,A
u_0686,2023-02-09T15:33:07Z,Desktop,CA,Free,A
u_0687,2023-06-25T00:26:21Z,Mobile,CA,Free,B
u_0688,2023-11-18T06:16:35Z,Desktop,IN,Free,A
u_0689,2023-01-31T12:06:48Z,Tablet,CA,Free,B
u_0690,2023-12-04T18:48:56Z,Mobile,DE,Premium,A
u_0691,2023-10-06T16:25:35Z,Mobile,BR,Free,A
u_0692,2023-12-10T12:09:03Z,Mobile,IN,Enterprise,B
u_0693,2023-11-18T03:05:45Z,Tablet,US,Free,A
u_0694,2023-04-24T21:20:57Z,Desktop,US,Free,A
u_0695,2023-02-12T12:05:31Z,Desktop,US,Free,B
u_0696,2023-07-20T03:35:54Z,Mobile,IN,Free,B
u_0697,2023-01-19T03:15:59Z,Desktop,UK,Free,B
u_0698,2023-07-16T16:50:26Z,Mobile,DE,Free,A
u_0699,2023-02-05T14:45:06Z,Desktop,IN,Free,B
u_0700,2023-09-18T02:17:10Z,Desktop,IN,Premium,A
u_0701,2023-10-10T20:44:57Z,Mobile,US,Free,A
u_0702,2023-02-21T22:25:24Z,Mobile,US,Free,B
u_0703,2023-08-15T11:19:33Z,Mobile,IN,Free,A
u_0704,2023-04-03T04:19:45Z,Desktop,CA,Free,A
u_0705,2023-11-15T21:22:19Z,Tablet,BR,Free,A
u_0706,2023-09-04T13:42:18Z,Tablet,FR,Free,B
u_0707,2023-11-09T11:44:48Z,Mobile,IN,Free,B
u_0708,2023-07-07T08:15:09Z,Desktop,US,Free,B
u_0709,2023-12-05T09:39:08Z,Desktop,US,Free,B
u_0710,2023-10-08T15:40:41Z,Mobile,US,Free,A
u_0711,2023-10-23T06:49:36Z,Mobile,JP,Free,A
u_0712,2023-01-25T20:07:39Z,Mobile,AU,Free,A
u_0713,2023-12-23T00:09:02Z,Desktop,DE,Enterprise,B
u_0714,2023-05-10T02:53:02Z,Mobile,US,Enterprise,A
u_0715,2023-04-29T14:20:30Z,Desktop,IN,Free,B
u_0716,2023-07-22T03:52:06Z,Mobile,AU,Free,A
u_0717,2023-05-20T15:30:39Z,Desktop,US,Free,B
u_0718,2023-09-19T05:36:27Z,Mobile,BR,Free,A
u_0719,2023-10-23T04:05:12Z,Tablet,IN,Free,B
u_0720,2023-10-21T21:08:16Z,Desktop,US,Enterprise,B
u_0721,2023-07-15T07:30:50Z,Desktop,UK,Free,B
u_0722,2023-08-19T05:06:44Z,Mobile,IN,Free,A
u_0723,2023-06-10T05:53:37Z,Mobile,DE,Free,B
u_0724,2023-04-05T03:47:38Z,Mobile,IN,Free,A
u_0725,2023-05-25T07:46:21Z,Mobile,AU,Free,B
u_0726,2023-01-01T01:58:58Z,Mobile,US,Free,A
u_0727,2023-12-23T14:12:29Z,Desktop,US,Free,A
u_0728,2023-05-01T11:00:18Z,Mobile,DE,Premium,A
u_0729,2023-10-01T04:19:57Z,Mobile,FR,Free,B
u_0730,2023-03-20T23:24:49Z,Mobile,IN,Free,A
u_0731,2023-04-01T09:02:32Z,Mobile,DE,Free,B
u_0732,2023-10-15T17:50:14Z,Tablet,BR,Free,A
u_0733,2023-09-24T07:45:55Z,Mobile,IN,Enterprise,A
u_0734,2023-10-27T02:09:22Z,Mobile,IN,Free,A
u_0735,2023-08-22T03:17:23Z,Desktop,SG,Free,A
u_0736,2023-10-28T02:55:25Z,Mobile,US,Premium,A
u_0737,2023-08-13T03:50:07Z,Mobile,US,Free,A
u_0738,2023-09-25T17:21:09Z,Mobile,AU,Free,B
u_0739,2023-09-23T18:16:32Z,Tablet,FR,Free,B
u_0740,2023-12-07T03:49:57Z,Mobile,US,Free,B
u_0741,2023-11-13T02:06:00Z,Mobile,US,Free,A
u_0742,2023-01-02T02:26:08Z,Desktop,JP,Free,B
u_0743,2023-08-06T15:54:34Z,Tablet,BR,Free,B
u_0744,2023-10-19T23:17:28Z,Mobile,IN,Free,A
u_0745,2023-01-06T10:08:45Z,Mobile,JP,Free,A
u_0746,2023-11-14T18:24:54Z,Desktop,UK,Free,A
u_0747,2023-05-01T01:53:03Z,Mobile,UK,Premium,B
u_0748,2023-09-30T19:44:49Z,Desktop,IN,Free,B
u_0749,2023-03-07T00:26:46Z,Desktop,UK,Free,A
u_0750,2023-04-27T19:18:41Z,Desktop,CA,Free,B
u_0751,2023-06-02T16:42:24Z,Mobile,CA,Free,A
u_0752,2023-06-05T10:58:45Z,Mobile,IN,Enterprise,A
u_0753,2023-04-18T02:30:18Z,Mobile,JP,Free,A
u_0754,2023-06-23T05:54:15Z,Mobile,US,Premium,A
u_0755,2023-04-14T18:46:21Z,Mobile,UK,Free,B
u_0756,2023-12-05T20:26:23Z,Mobile,UK,Premium,B
u_0757,2023-02-02T04:59:15Z,Tablet,UK,Free,A
u_0758,2023-10-08T09:53:32Z,Mobile,US,Enterprise,A
u_0759,2023-07-08T00:13:18Z,Mobile,JP,Free,B
u_0760,2023-05-11T13:44:06Z,Mobile,UK,Free,A
u_0761,2023-10-05T15:35:38Z,Tablet,US,Free,B
u_0762,2023-11-14T18:33:17Z,Mobile,CA,Premium,B
u_0763,2023-03-15T10:40:16Z,Mobile,DE,Premium,A
u_0764,2023-03-26T10:07:01Z,Mobile,CA,Free,A
u_0765,2023-08-28T10:04:45Z,Desktop,IN,Premium,A
u_0766,2023-10-07T01:40:47Z,Tablet,US,Free,B
u_0767,2023-11-08T22:38:21Z,Mobile,IN,Free,A
u_0768,2023-10-17T09:58:09Z,Mobile,IN,Premium,B
u_0769,2023-11-08T22:14:17Z,Desktop,UK,Free,B
u_0770,2023-07-07T12:05:52Z,Desktop,IN,Free,B
u_0771,2023-06-22T01:19:05Z,Mobile,UK,Free,A
u_0772,2023-11-07T17:16:35Z,Mobile,CA,Premium,A
u_0773,2023-03-22T22:10:49Z,Desktop,UK,Free,B
u_0774,2023-10-31T04:28:36Z,Mobile,IN,Premium,A
u_0775,2023-08-15T22:28:49Z,Mobile,US,Premium,A
u_0776,2023-11-11T13:03:55Z,Desktop,BR,Free,A
u_0777,2023-04-18T12:25:47Z,Mobile,UK,Free,B
u_0778,2023-03-06T05:16:42Z,Mobile,IN,Free,A
u_0779,2023-10-20T15:35:05Z,Mobile,FR,Premium,A
u_0780,2023-10-27T17:27:55Z,Mobile,FR,Free,A
u_0781,2023-03-23T16:01:54Z,Tablet,AU,Premium,B
u_0782,2023-03-13T18:33:17Z,Desktop,CA,Free,B
u_0783,2023-02-23T11:24:19Z,Mobile,US,Free,B
u_0784,2023-04-17T01:32:55Z,Tablet,IN,Free,B
u_0785,2023-01-08T17:13:31Z,Mobile,DE,Free,A
u_0786,2023-10-18T22:04:46Z,Mobile,US,Free,A
u_0787,2023-04-26T00:48:47Z,Mobile,AU,Free,A
u_0788,2023-10-13T21:21:12Z,Mobile,IN,Free,A
u_0789,2023-01-12T20:37:40Z,Mobile,DE,Free,B
u_0790,2023-08-29T10:31:36Z,Desktop,US,Free,B
u_0791,2023-07-09T15:37:22Z,Mobile,JP,Free,A
u_0792,2023-01-07T14:47:40Z,Desktop,US,Enterprise,B
u_0793,2023-06-01T07:12:10Z,Mobile,IN,Free,B
u_0794,2023-09-29T10:25:01Z,Mobile,FR,Free,B
u_0795,2023-03-23T10:37:51Z,Tablet,CA,Free,A
u_0796,2023-02-06T12:59:36Z,Mobile,US,Enterprise,B
u_0797,2023-08-19T13:33:23Z,Mobile,DE,Free,B
u_0798,2023-04-21T00:18:52Z,Desktop,FR,Premium,A
u_0799,2023-04-27T04:48:57Z,Desktop,DE,Free,A
u_0800,2023-06-29T02:59:08Z,Tablet,US,Free,A
u_0801,2023-12-04T18:59:33Z,Mobile,AU,Free,B
u_0802,2023-05-09T14:43:40Z,Mobile,JP,Free,A
u_0803,2023-07-24T16:14:22Z,Desktop,DE,Free,B
u_0804,2023-05-19T22:15:02Z,Desktop,UK,Free,A
u_0805,2023-10-29T16:30:14Z,Mobile,BR,Free,B
u_0806,2023-02-27T03:47:19Z,Mobile,US,Premium,B
u_0807,2023-11-29T12:57:15Z,Mobile,SG,Free,A
u_0808,2023-06-19T16:52:18Z,Mobile,US,Premium,A
u_0809,2023-04-15T00:01:55Z,Tablet,UK,Free,A
u_0810,2023-06-26T06:04:27Z,Desktop,US,Premium,A
u_0811,2023-02-03T03:56:14Z,Mobile,CA,Free,B
u_0812,2023-10-08T16:56:42Z,Desktop,AU,Enterprise,B
u_0813,2023-05-24T10:38:52Z,Tablet,IN,Free,A
u_0814,2023-04-25T06:22:38Z,Desktop,UK,Free,B
u_0815,2023-03-03T10:05:57Z,Mobile,IN,Enterprise,A
u_0816,2023-12-17T23:50:58Z,Mobile,BR,Free,A
u_0817,2023-10-22T03:33:15Z,Mobile,IN,Free,B
u_0818,2023-04-02T09:01:30Z,Mobile,CA,Premium,B
u_0819,2023-12-22T12:33:19Z,Mobile,JP,Free,A
u_0820,2023-04-26T09:57:49Z,Desktop,US,Free,B
u_0821,2023-04-17T04:46:06Z,Mobile,IN,Premium,A
u_0822,2023-11-14T05:19:59Z,Mobile,FR,Free,A
u_0823,2023-07-24T04:14:43Z,Mobile,US,Free,A
u_0824,2023-12-13T10:08:24Z,Desktop,IN,Free,B
u_0825,2023-08-04T21:12:28Z,Mobile,FR,Free,B
u_0826,2023-07-15T17:02:02Z,Mobile,AU,Free,A
u_0827,2023-10-21T17:13:39Z,Desktop,IN,Premium,A
u_0828,2023-04-28T04:25:00Z,Desktop,US,Free,B
u_0829,2023-03-06T07:04:12Z,Mobile,CA,Premium,B
u_0830,2023-09-08T06:44:22Z,Mobile,JP,Free,B
u_0831,2023-06-25T10:12:36Z,Tablet,US,Premium,B
u_0832,2023-08-28T10:35:22Z,Mobile,US,Free,A
u_0833,2023-11-10T22:08:40Z,Mobile,IN,Free,A
u_0834,2023-09-15T09:48:07Z,Mobile,US,Free,B
u_0835,2023-03-20T13:15:19Z,Mobile,CA,Free,B
u_0836,2023-04-05T17:10:42Z,Mobile,CA,Free,B
u_0837,2023-12-23T18:49:33Z,Desktop,JP,Premium,A
u_0838,2023-08-01T14:19:39Z,Mobile,US,Free,B
u_0839,2023-08-15T02:56:04Z,Desktop,IN,Free,B
u_0840,2023-02-02T00:48:52Z,Mobile,UK,Free,B
u_0841,2023-12-23T18:48:18Z,Desktop,IN,Premium,B
u_0842,2023-11-26T11:18:04Z,Mobile,US,Free,B
u_0843,2023-09-30T04:37:17Z,Desktop,US,Premium,B
u_0844,2023-05-30T03:36:23Z,Mobile,US,Premium,B
u_0845,2023-06-27T05:22:47Z,Mobile,IN,Free,A
u_0846,2023-03-04T23:26:27Z,Mobile,IN,Free,A
u_0847,2023-10-19T13:34:10Z,Mobile,DE,Free,A
u_0848,2023-07-08T14:50:36Z,Mobile,IN,Free,B
u_0849,2023-08-23T05:50:39Z,Mobile,US,Free,B
u_0850,2023-02-06T15:46:45Z,Desktop,US,Free,B
u_0851,2023-08-31T07:55:44Z,Desktop,BR,Free,A
u_0852,2023-07-15T09:31:55Z,Mobile,IN,Premium,A
u_0853,2023-09-02T10:40:14Z,Desktop,IN,Enterprise,A
u_0854,2023-09-29T06:51:21Z,Desktop,US,Premium,A
u_0855,2023-01-20T09:56:15Z,Tablet,US,Premium,B
u_0856,2023-11-26T18:16:25Z,Desktop,DE,Free,B
u_0857,2023-08-02T13:57:33Z,Desktop,CA,Free,A
u_0858,2023-02-16T12:35:16Z,Mobile,US,Free,B
u_0859,2023-08-08T12:05:46Z,Desktop,US,Free,B
u_0860,2023-02-02T20:34:05Z,Mobile,UK,Premium,B
u_0861,2023-05-02T19:57:54Z,Tablet,US,Free,B
u_0862,2023-10-18T22:26:43Z,Desktop,DE,Premium,A
u_0863,2023-10-01T01:15:19Z,Desktop,UK,Free,B
u_0864,2023-01-16T19:00:49Z,Mobile,US,Free,B
u_0865,2023-07-13T13:36:40Z,Mobile,US,Free,A
u_0866,2023-04-21T05:43:03Z,Mobile,CA,Premium,B
u_0867,2023-06-27T09:08:08Z,Mobile,FR,Free,A
u_0868,2023-01-13T05:23:00Z,Mobile,IN,Free,B
u_0869,2023-04-24T05:22:39Z,Desktop,JP,Free,B
u_0870,2023-06-14T20:06:54Z,Desktop,IN,Free,B
u_0871,2023-02-24T11:48:48Z,Mobile,CA,Free,B
u_0872,2023-01-09T08:05:41Z,Tablet,CA,Free,B
u_0873,2023-12-23T18:08:42Z,Desktop,US,Free,A
u_0874,2023-02-12T04:02:51Z,Mobile,AU,Free,A
u_0875,2023-01-11T16:47:11Z,Mobile,US,Free,A
u_0876,2023-01-05T15:11:04Z,Desktop,IN,Free,B
u_0877,2023-07-02T19:51:59Z,Mobile,IN,Enterprise,A
u_0878,2023-06-25T16:46:14Z,Mobile,UK,Premium,B
u_0879,2023-01-09T06:33:52Z,Mobile,CA,Free,A
u_0880,2023-05-29T20:02:41Z,Mobile,CA,Premium,B
u_0881,2023-08-19T06:21:04Z,Desktop,IN,Free,B
u_0882,2023-08-25T15:19:22Z,Mobile,IN,Premium,B
u_0883,2023-01-29T21:50:40Z,Desktop,CA,Premium,B
u_0884,2023-03-14T19:34:46Z,Mobile,UK,Premium,A
u_0885,2023-02-11T00:14:15Z,Mobile,US,Premium,B
u_0886,2023-05-31T00:28:00Z,Mobile,IN,Free,B
u_0887,2023-09-14T11:49:11Z,Desktop,BR,Premium,A
u_0888,2023-09-07T07:47:16Z,Mobile,CA,Premium,A
u_0889,2023-03-17T21:12:22Z,Mobile,UK,Premium,A
u_0890,2023-07-29T20:23:21Z,Mobile,JP,Free,B
u_0891,2023-12-01T09:18:52Z,Tablet,US,Free,B
u_0892,2023-02-25T22:40:04Z,Mobile,IN,Premium,A
u_0893,2023-04-13T06:45:24Z,Desktop,FR,Free,B
u_0894,2023-11-13T02:42:28Z,Desktop,US,Free,B
u_0895,2023-01-19T08:24:38Z,Mobile,SG,Free,A
u_0896,2023-02-04T10:40:28Z,Desktop,FR,Free,A
u_0897,2023-02-08T22:35:29Z,Mobile,US,Enterprise,A
u_0898,2023-08-22T19:27:54Z,Mobile,BR,Free,A
u_0899,2023-05-15T17:07:09Z,Mobile,SG,Free,A
u_0900,2023-02-07T10:51:23Z,Mobile,SG,Premium,B
u_0901,2023-07-09T00:22:47Z,Mobile,AU,Premium,A
u_0902,2023-04-30T23:02:11Z,Tablet,US,Free,B
u_0903,2023-12-03T15:32:07Z,Desktop,SG,Free,B
u_0904,2023-11-10T06:17:24Z,Mobile,US,Premium,B
u_0905,2023-08-13T09:52:37Z,Desktop,US,Free,A
u_0906,2023-06-10T22:51:45Z,Mobile,AU,Free,B
u_0907,2023-01-03T21:05:30Z,Mobile,JP,Free,B
u_0908,2023-10-15T20:08:20Z,Mobile,CA,Free,B
u_0909,2023-04-06T07:14:49Z,Tablet,US,Free,A
u_0910,2023-01-25T23:50:17Z,Mobile,IN,Premium,A
u_0911,2023-03-07T21:44:31Z,Desktop,IN,Premium,B
u_0912,2023-09-24T00:53:23Z,Desktop,IN,Enterprise,A
u_0913,2023-04-19T04:16:28Z,Mobile,CA,Free,A
u_0914,2023-02-27T17:34:57Z,Desktop,IN,Free,A
u_0915,2023-09-24T01:20:58Z,Tablet,UK,Premium,A
u_0916,2023-12-13T23:18:32Z,Mobile,US,Free,A
u_0917,2023-03-25T23:16:13Z,Desktop,IN,Enterprise,A
u_0918,2023-08-04T22:19:52Z,Desktop,IN,Free,B
u_0919,2023-10-27T02:05:26Z,Mobile,US,Free,A
u_0920,2023-07-22T06:22:14Z,Mobile,AU,Premium,B
u_0921,2023-06-13T19:46:37Z,Mobile,IN,Free,B
u_0922,2023-09-26T05:05:01Z,Mobile,US,Free,A
u_0923,2023-11-27T18:08:54Z,Desktop,JP,Free,B
u_0924,2023-06-14T12:39:37Z,Desktop,US,Premium,A
u_0925,2023-09-24T22:20:45Z,Mobile,US,Free,B
u_0926,2023-07-28T14:03:06Z,Desktop,CA,Enterprise,A
u_0927,2023-09-09T21:49:53Z,Mobile,SG,Free,A
u_0928,2023-04-20T18:53:41Z,Mobile,JP,Free,B
u_0929,2023-10-14T21:09:46Z,Tablet,IN,Free,A
u_0930,2023-02-23T07:36:36Z,Desktop,CA,Free,A
u_0931,2023-09-07T09:29:10Z,Desktop,IN,Free,A
u_0932,2023-10-26T08:47:48Z,Mobile,AU,Free,A
u_0933,2023-03-16T18:06:15Z,Mobile,IN,Free,B
u_0934,2023-04-14T03:51:36Z,Desktop,US,Free,A
u_0935,2023-09-10T19:38:36Z,Desktop,DE,Free,B
u_0936,2023-05-08T15:40:30Z,Mobile,CA,Enterprise,A
u_0937,2023-10-28T10:02:05Z,Mobile,US,Premium,A
u_0938,2023-11-10T22:26:47Z,Mobile,UK,Free,A
u_0939,2023-10-15T15:24:30Z,Desktop,BR,Free,B
u_0940,2023-07-14T00:30:38Z,Tablet,US,Free,A
u_0941,2023-12-19T20:17:26Z,Desktop,UK,Premium,B
u_0942,2023-10-01T14:44:52Z,Desktop,CA,Free,B
u_0943,2023-05-12T11:04:54Z,Desktop,US,Free,B
u_0944,2023-02-23T02:50:05Z,Mobile,BR,Premium,B
u_0945,2023-10-15T11:07:25Z,Mobile,US,Free,A
u_0946,2023-08-10T00:09:28Z,Mobile,SG,Free,A
u_0947,2023-10-03T14:22:39Z,Mobile,CA,Free,A
u_0948,2023-07-28T22:36:39Z,Mobile,UK,Free,A
u_0949,2023-08-22T02:14:25Z,Mobile,IN,Free,A
u_0950,2023-09-12T08:28:16Z,Mobile,CA,Premium,A
u_0951,2023-01-13T22:35:26Z,Mobile,AU,Premium,B
u_0952,2023-04-21T10:40:27Z,Mobile,US,Free,B
u_0953,2023-03-23T21:13:29Z,Desktop,CA,Premium,A
u_0954,2023-01-29T13:12:12Z,Tablet,BR,Free,B
u_0955,2023-06-02T01:54:11Z,Desktop,US,Free,A
u_0956,2023-11-15T07:18:13Z,Tablet,US,Premium,B
u_0957,2023-11-21T08:47:18Z,Desktop,DE,Free,A
u_0958,2023-06-27T07:09:28Z,Desktop,IN,Enterprise,A
u_0959,2023-08-31T16:54:30Z,Mobile,DE,Free,B
u_0960,2023-12-19T04:33:40Z,Mobile,US,Free,A
u_0961,2023-07-09T02:15:45Z,Tablet,US,Free,A
u_0962,2023-08-20T12:02:06Z,Mobile,CA,Free,B
u_0963,2023-08-04T18:15:28Z,Mobile,IN,Premium,A
u_0964,2023-08-27T02:32:58Z,Mobile,US,Free,B
u_0965,2023-05-04T04:34:58Z,Mobile,US,Premium,A
u_0966,2023-08-12T18:36:24Z,Tablet,CA,Free,B
u_0967,2023-07-26T08:24:51Z,Desktop,CA,Free,A
u_0968,2023-02-03T02:14:52Z,Desktop,JP,Free,B
u_0969,2023-10-29T14:15:36Z,Mobile,IN,Free,B
u_0970,2023-12-17T18:40:55Z,Mobile,BR,Premium,B
u_0971,2023-01-11T22:51:15Z,Desktop,IN,Premium,B
u_0972,2023-08-19T00:55:55Z,Mobile,IN,Free,A
u_0973,2023-02-19T22:01:26Z,Desktop,JP,Free,A
u_0974,2023-07-14T19:02:32Z,Mobile,US,Free,B
u_0975,2023-04-13T04:10:39Z,Desktop,FR,Free,B
u_0976,2023-11-03T18:04:49Z,Mobile,US,Free,B
u_0977,2023-09-15T10:46:15Z,Mobile,IN,Free,A
u_0978,2023-08-10T14:10:19Z,Mobile,JP,Premium,A
u_0979,2023-03-06T19:14:20Z,Desktop,DE,Free,B
u_0980,2023-10-23T21:55:43Z,Desktop,US,Premium,B
u_0981,2023-01-30T13:15:24Z,Desktop,IN,Free,A
u_0982,2023-08-28T16:35:08Z,Desktop,DE,Free,A
u_0983,2023-06-29T10:40:28Z,Mobile,BR,Enterprise,A
u_0984,2023-10-18T05:52:56Z,Desktop,IN,Premium,B
u_0985,2023-04-17T04:29:54Z,Desktop,AU,Premium,A
u_0986,2023-06-17T10:08:12Z,Mobile,SG,Premium,A
u_0987,2023-09-18T07:22:16Z,Mobile,UK,Free,B
u_0988,2023-12-11T16:03:58Z,Desktop,IN,Enterprise,A
u_0989,2023-04-13T10:57:25Z,Desktop,IN,Free,B
u_0990,2023-12-20T05:41:55Z,Tablet,CA,Free,A
u_0991,2023-07-23T06:05:36Z,Mobile,AU,Free,B
u_0992,2023-03-26T01:40:53Z,Desktop,US,Free,A
u_0993,2023-02-08T10:40:18Z,Mobile,BR,Free,A
u_0994,2023-07-07T23:42:12Z,Mobile,IN,Free,B
u_0995,2023-05-11T06:57:09Z,Mobile,IN,Free,B
u_0996,2023-12-23T19:24:42Z,Tablet,DE,Free,A
u_0997,2023-04-05T05:42:38Z,Mobile,CA,Free,A
u_0998,2023-07-14T16:20:17Z,Mobile,DE,Free,B
u_0999,2023-10-16T20:27:54Z,Desktop,DE,Free,B
u_1000,2023-04-18T20:58:43Z,Mobile,AU,Free,B
